c0,c1,c2,c3,c4,c5,c6,c7,label
-0.40460351907796754,-1.6142194136204338,0.697158660617114,0.682916697737071,-0.37757148824094755,-0.3148140203867186,0.10605429091675092,0.15896746249684485,1.0
0.16017689256824755,-0.5837944953108186,0.44794518444167447,-0.3919247384455324,0.28267834840849554,0.3891842167019536,-0.16057415226476515,-0.14870104201876314,0.0
0.7950954753701652,0.4650733741447785,-0.5303262073539083,-0.45217328266859974,0.7501466171365572,-0.9344338386543383,-0.37113573135908573,-1.045081384786208,1.0
0.2347849483101475,0.5281088953890377,-0.3036902930022218,0.21234588703669735,-0.5032874211269923,0.4421976645998391,-0.20337071985542518,0.19611680273773194,0.0
0.0020223549285637212,-0.03389908221969459,0.38954544302921806,-0.3121076994315769,-0.5360919136647951,-0.2959998356467229,0.5911084952559689,0.15896602880005206,0.0
0.3581126163184544,-0.2520718424877207,-0.14820267159745693,0.5774137403679704,-0.3585062922156808,0.3733615573506735,-0.4220872144858544,-0.08222682120853533,0.0
0.4538921221513743,0.2022276726858013,-0.4716625271082843,-0.44988878436474716,-0.23508081539840425,0.13285292832559217,-0.1553829358427581,0.4807948678901065,0.0
-0.3559140279903576,-0.051711000294671954,0.5828332628578199,-0.4662094787348826,0.2524987617645247,0.09253396002060574,-0.45817276597514206,0.17710122766777844,0.0
-0.1259603863823974,-0.9146494579891805,1.1116752710203044,0.5186939461121096,0.10808421243294708,0.4578209831777182,-0.7349201662325493,-0.9387732057215609,1.0
-0.13614885223175036,-1.161633082172655,-0.9898552325281884,0.5708419244308884,0.25564392712357753,-0.26934994180589467,-0.30134428789212,-1.0477053974831985,1.0
0.31640279002345034,0.23166363865696105,0.4429089436666323,-0.36380402622986535,0.45815996626565986,0.35744590518076824,0.28153794602499976,0.31742366993911453,0.0
-0.32607332318680304,0.10649577404397688,-0.30461867767482237,0.2758670924000939,0.4868286966062315,-0.3224317577115772,0.4204511399600335,0.4423754821925131,0.0
0.41611592879146986,-0.9621631909121102,-0.19989891224545506,-0.5589026981258981,-0.8369641669866782,1.2114233814607576,-0.574453358279155,0.2251786845214133,1.0
-0.5355469460358897,0.3411331825555776,-0.2866820814513385,-0.26656247778352904,-0.049506430806022114,-0.39679071216596856,0.20104133631233714,-0.49321808067546563,0.0
-0.18186781902425586,0.17995715527447437,0.5827704260110389,0.06159756980820378,0.02889721167304197,-0.11495378108349927,0.5707851845085175,0.5012771101369211,0.0
0.30160749688967187,-0.5690192951631431,-0.7863419295750292,0.5157171645745571,-0.7393213053962435,0.23788337026146517,-1.0799626325612453,0.9651157222421624,1.0
-0.36033852207561434,0.5816555315002232,-0.41300076127363206,0.8945153399380787,0.8840480065746233,-0.2027806100276987,-0.18783296495613636,-1.3050530998892094,1.0
0.028425443718646345,0.06022232996386862,-0.5265462435239382,0.1509066783482611,0.37340317222048547,0.24354219287711976,-0.4058949386082822,0.5762361174556019,0.0
-0.05382381486629969,0.5418338587634466,0.43267320640180085,0.20628376968836626,0.018304304103786154,-0.5071151199803213,0.44460297073410104,-0.13633552445685554,0.0
-0.4594894140044583,0.3361978323952994,-0.23847713568173146,-0.22285646303191772,-0.48102099700734086,0.00124438056648739,-0.3137158396743248,-0.4893912263669884,0.0
-0.3435235370768337,0.16725780834843057,-0.022063658476558813,-0.16891411945350154,-0.5591314460116171,-0.6013902471693133,0.29612135620866353,0.2510210336452128,0.0
0.00026477236823049414,-0.33642699844662155,-0.7538586415350437,0.032976572173941954,-0.1062154277636082,-0.3197745615760923,-0.3656800967931093,-0.26489069135320586,0.0
0.9316952164599869,-0.43312018247603506,0.6713633025717397,0.32642286744375293,1.043703925789521,0.9198412161609661,0.36398308540824986,-0.5649432932666921,1.0
-0.35114597868586483,-0.26893194788226166,-0.4130594108200413,0.30384779766172737,0.43026046094831977,0.3634374061475898,0.10238449511417284,0.4623171538755451,0.0
-0.8513568504766337,0.16239063517089702,-0.31627891506010997,0.8504725939009115,0.5191042877492728,1.1211908064967686,0.9364310160575888,0.14847112749606398,1.0
-1.0588209686444314,-0.3927105708112489,-0.600245214141506,0.5369517215289524,0.9992977054257555,0.6602580276033967,-0.5247737793386581,0.6050958676226418,1.0
-0.13176473944850356,0.4428914222290755,-1.105793374039246,0.8508564771931788,-0.7454416939959871,-0.7849262090023921,0.2759362862314865,0.769295914403287,1.0
-0.5130422515034596,-0.08391601887769067,0.06855254022909862,0.40271037444669083,0.5345544676416915,-0.45546851522084925,0.0761133797520119,0.2527397073644592,0.0
0.4265123773893513,-0.4264018193661394,0.42115989469121073,-0.42942534985554986,-0.28872470994652916,-0.3448643117786514,-0.2686276970164844,-0.005718487860112705,0.0
0.07437442373634795,0.4528659820478244,-0.8559072738732906,0.1522385558424561,1.0130094999452501,-0.890609149995956,0.19519968985318592,1.084505041062012,1.0
-0.5249976995352891,0.49463185110961727,0.20149918055220076,-0.4840330482174382,0.15013590945815933,0.0884926068675875,0.20018048893814483,0.36658269856894493,0.0
0.19924619875654012,0.3162689395624663,-0.25691337041593576,0.6030237962104057,-0.48793570159315336,-0.3015667433694068,0.06820253677257739,0.3113798256739992,0.0
0.057667610717264894,-0.22162656394170174,-0.6488411716398067,-0.09493851493482286,-0.35642434597992934,0.4736133953724473,-0.4061077597834968,-0.0357274398299303,0.0
0.39276910371930523,-0.8957404386221937,-0.6830736981556793,0.6005611871968894,-0.10777509005317516,0.7707045582267747,-0.92157939391103,0.8724726446783995,1.0
0.4152332665011259,-0.45988219969310223,-1.0585200486693525,-0.7313558822705304,1.0406183349539453,0.8101546952251604,-0.3184980311510313,-0.3465045912319014,1.0
-0.697010349899977,-0.5779151694588684,-0.5801934465316154,-0.28430750651199627,-0.8851820993974797,-0.9264807612673787,1.0264620193027754,0.2592242431195297,1.0
-0.751714393197733,-0.28074106366081963,-0.9007205625391214,0.8991784787056288,-0.073593926650913,-0.7164654709907258,0.789871273303021,0.7704900987907608,1.0
0.3125189429611215,0.43437548525371755,0.9339114792008543,0.6983137005299758,0.890915379076887,-0.8848883678513343,-0.31985505737666015,0.8214330641058504,1.0
0.45286808602873135,0.2235705718841706,-0.25398231487578815,-0.5121897286261662,0.11439725164515928,-0.21270977473812236,0.36502791808538554,0.4759241549127225,0.0
-0.7186645603939691,0.8227730054047062,-0.3730461134453808,1.0939317181353083,-0.7480169940026667,0.07919749299242032,0.9003244821208353,0.3071318693861941,1.0
-0.410998360218691,-0.197207537919987,0.2272468915537993,-0.13822567875745623,-0.42456138003072774,0.07420091191032574,-0.7005956402239871,-0.21177737143869277,0.0
-0.009760137844333421,-0.04049959309126684,0.3223022455714249,0.01162914032912067,0.3510681506051867,0.4798161293703136,-0.5638943255305203,0.4720184037987798,0.0
0.5664336022940477,-0.928701461403068,-0.8223067274309456,-0.9844446123052466,0.6947490949001994,0.6593268933215557,0.3216926513583757,0.38790798141478605,1.0
-0.4109062432201732,0.10799536797286462,-0.5089644564141269,-0.5161512154938103,0.057077993662913384,0.10814299568592668,-0.25218788196747477,-0.46420322267588054,0.0
-0.5873628320974591,-0.32445035045359477,0.16842270667074372,-0.3367344366304866,-0.2601382652157092,-0.5045848164517142,0.2909641306245651,-0.03229094753461671,0.0
0.28618582334226866,-0.40889047340548246,-0.23742446161632702,-0.4018452580720433,0.37392781937941216,0.2562869229943234,0.4049059421857566,-0.40447799179471167,0.0
0.40154328697865865,0.5397767534417276,-0.2700360834588163,-0.06819713613790081,-0.36328070872493057,0.5063584565338138,-0.05318408304714249,-0.280416481067956,0.0
0.11839063698492491,-1.2143394283358195,0.906057717931572,0.09382705501758307,-0.7846319917729079,-0.17345287023943703,0.8609064807854439,-0.5428867985321627,1.0
0.32718357711816115,-0.06936672508211615,0.25045820754901155,-0.15226112417661278,0.38928730458432287,-0.5752943854038037,-0.4684625506036357,-0.3166401805608775,0.0
0.8282986468713326,0.5087748430098863,-0.09923921431865652,-0.8833338206346006,0.9609458250620265,0.8710898521476651,0.7302632955759959,0.2223590796247937,1.0
-1.0422757992715834,-0.8228327437303493,0.060961457023759394,-0.8858039694287722,-0.1142983163632578,0.42095494280600176,-0.9668884335032211,0.5684206635592574,1.0
0.22758340398014915,-0.5216061870773357,-0.40954421396211743,-0.33855913900402285,0.49834095591056177,0.3446559494481993,-0.13202953326273867,-0.09602497883878361,0.0
0.6657635627833987,-0.031146105615685735,0.23130698326916202,-0.06207626791065179,0.49068904055359175,-0.24097380013461442,0.43894931938290394,0.08313725501061842,0.0
-0.4418487925199979,-0.9559890785777153,-0.5926861651738701,-0.7604353744448085,0.14701831596166132,-0.5724909763973466,0.8045195901035512,-0.9821932615062322,1.0
-0.22905372624435832,0.3542823025005871,0.1990377963075051,-0.567923431183759,-0.2052815291890159,-0.08613636907660675,-0.48278594843904327,-0.4209787646282249,0.0
0.2321073189142963,-0.814360491141602,0.4030006834675076,0.588229803329533,-1.4471468330590262,0.08654469784234674,0.7984122727636921,-0.18797135983061117,1.0
0.055303408845371674,0.18565983150218743,-0.5510620741189349,0.24709096904332448,0.3084776968292827,0.14375860229672072,-0.4124288535595393,-0.558413842054249,0.0
0.08396044257837251,-0.044603979111671695,0.15977499336574466,-0.5554846913550737,-0.7258546439524217,-0.10567756410508028,0.14494380328658513,-0.3127753514599954,0.0
-0.9114705878968367,0.8285786265793966,-1.0844845830264425,-0.4522986815057159,-0.6067655286638902,0.44204362407710623,0.5915137018899418,0.43421479359346327,1.0
-0.05063193528279694,-0.5944158282787584,-0.3811313396492824,0.5204530524920252,0.15531751785598003,-0.40660759248629474,-0.19625430272664882,0.002176086144048997,0.0
-0.05051068015876521,0.029895148500542004,0.7264813765024503,-0.7985952097584931,-0.5560260003667117,-0.8803473463289215,-0.9661505110115006,0.9018881741280141,1.0
-0.025640504835144788,-0.4529638005419511,0.5997555342719698,0.3958752879980382,-0.05110600135085041,0.46577092034730494,-0.10306921946286049,0.2180935069117666,0.0
0.48149617193113353,0.08711664682518297,-0.39510284203494994,0.43383997555185216,-0.24435763606117236,-0.33512515601972964,0.44286358482277166,-0.21931955414405158,0.0
-0.5340904123822503,-0.9401560038076284,-0.025940666559044312,-0.6566280903803804,-0.7627547452547919,-0.16254543716685999,0.744890130055784,1.1117300149949743,1.0
-0.2805161025937612,-0.1085606852592495,-0.46852090670079677,0.4050553932301039,0.5465304177975482,0.056806233251117506,-0.3543669514580262,-0.31375978104486196,0.0
0.27082146713448785,0.22451284495214224,0.3679734737771678,0.23987189247374646,-0.4470129818360386,0.0689369261446014,0.4579010309566524,0.5187103751812454,0.0
0.2184192342922721,0.5946745841624319,0.26805053499330916,0.49909824943744874,0.44939889109449455,-0.2461822992430494,0.1102584091544601,-0.05461703556458446,0.0
0.3394208615734618,-0.4966174817835699,-0.5967169901770164,1.0269350684419338,1.220812081843004,0.7136855608375833,-0.07708448056113093,-0.470984626382468,1.0
0.033115256027892316,0.6861709748202426,-0.36055961394447356,0.0346169402212659,-0.31703219030934876,0.21503121095324865,-0.14543305567546774,-0.47851081525385336,0.0
0.6634413651652162,0.0309005724396182,-0.4103798466233382,0.04630944539827745,0.4405658136993665,-0.3279907347455974,-0.281221943185113,-0.0870206110905612,0.0
0.029635007057473805,0.28805973879257407,-0.17161770889592062,0.49117848983816037,-0.2770096044739275,0.24438075717845897,-0.5732797557193591,-0.4246509773796715,0.0
-0.40506621909918544,0.08939267185747837,0.03286861178300235,-0.20261755962178293,0.46197397539600676,-0.2512382457419054,0.4320511010660078,0.5679677132163706,0.0
0.9106839515417967,0.5845775956349755,-0.5597015196776522,-0.12583383210240717,1.1903543773739547,-0.015423484944121569,-0.9476095344889089,0.429742449822397,1.0
-0.4058172882622663,0.3918723669540404,0.35030271879238645,0.2491196068944073,0.46772689553347113,0.07251883733522053,-0.3781335963158908,0.3605043078745619,0.0
-0.13083035522220185,-0.34419794884830324,-1.1179680668253258,0.8100987485155193,0.30468086529293315,1.3176862233137807,0.33364383693739685,-0.13361506898771847,1.0
0.5378595200769704,0.5651453534074066,1.1709698110287265,-0.03400697589941653,1.1440355872414025,-0.5249268428316587,-0.6592547063668279,0.0029513331408546266,1.0
-0.12048006369752541,-0.49944358653407844,-0.15378566669643942,-0.45143890412346943,0.4346483113710619,0.37807377252036806,-0.11070280234371013,0.4055607231866769,0.0
0.9159138900454425,0.1403545572443214,-0.769565187742665,1.0930154193188446,-0.37728600461802275,-0.6914696696853347,0.5353317011470585,-0.6689050721889034,1.0
0.17004800998485634,-0.16498721533319172,0.5137899050153157,-0.12804469098496193,-0.312396262930791,0.060756390348395535,-0.5215042350112461,-0.5387373687574979,0.0
-0.5498280932927642,-0.13268936841605844,0.38878786144078975,-0.2066695193891933,-0.38833089507121366,0.5729132734773849,0.021123721596626895,0.08208284400319953,0.0
0.6338596559900325,0.3170339019565993,-0.5798286928490908,-0.898406313106169,-1.1284248361472817,-0.36423395120460217,0.3889095065177718,0.8928138880719952,1.0
-0.5774929701172155,-0.3627042923731895,-0.32531874755146606,-0.9141013126615395,0.19901315129253228,-0.8785621738244951,0.9821799088610573,0.9040900770433963,1.0
0.48840826041303753,-0.39466730509461867,0.05290623243876149,-0.531097915693056,0.19434174040816818,-0.04702212663118979,-0.31287520459563767,-0.42773863264466944,0.0
-0.4732586217677621,0.4100639376283209,-0.3484127705767322,0.26128522887073863,-0.39564232656012915,-0.40432787041572366,-0.06709051997177726,0.30610030908402625,0.0
0.17535879577845412,0.020215790705491,-1.133849090325396,-0.08881749085029808,0.8465184157000096,-0.9075634679815745,-0.21048588036855712,-1.0443989304227044,1.0
1.385780029591707,0.8435635603836159,0.05011742929858954,0.6883348839776648,-0.19117798810465697,-0.6224632192080045,0.4628166918988942,-0.5034766998133156,1.0
0.48923601154230045,-0.34904900712024045,1.1443525227936013,0.7032643351840597,-0.7803628510172265,1.0626958266629263,0.08055896089095978,0.2998518778300935,1.0
-0.41160358726103324,-1.0154994530388854,-0.5172107308095797,-0.6091941165976128,-1.033974375006838,-0.20020146711829542,-0.8127407048656932,-0.6252902103161098,1.0
-0.41488492655618875,-0.3216215696098942,0.6028158780979599,0.057323131479979035,-0.4832994071873729,0.3159648449096513,0.06328636145563327,-0.14261793588363783,0.0
0.058872521391688866,-0.2753854371251548,0.0060633144449853136,-0.4565914836086539,-0.4728916225117702,0.36769556935958,0.5930395553205248,-0.04076650604498861,0.0
-0.3634843369680833,0.19943667441425236,-0.05320330411231801,0.07344382051576487,0.4746535863022836,0.35264777564174865,-0.568224789153792,-0.3838537112930821,0.0
-0.06272688634133237,0.34908689316348185,-1.094522320331006,-1.1222561360367977,-0.03943656258220192,0.5595531855147312,-0.7031507968616195,-0.7795445344310113,1.0
0.7985133059916442,-0.21281125167161988,1.0235029720721174,-0.22132003526535837,0.4907530878900037,0.8107330937190691,0.08464279270130118,-1.1468460378729108,1.0
0.9225092327751788,0.2197183368950881,-0.9305935653518042,0.4693489624790865,-0.1299987615198088,0.7181815896810511,-1.0445917249135834,-0.6249411091541416,1.0
0.3652213679618301,0.27697496931466364,-0.3532260684823597,0.15683075791621146,-0.23390914902743146,-0.19764781893265274,0.628809205962567,-0.38904306810725603,0.0
-0.09406863346485171,0.3369174813906887,-0.36161993398185494,0.6076479079954971,0.3653514020397589,0.05850533177754332,0.02604815751479157,0.4899486900261412,0.0
0.08248367309436432,0.5504396241513786,-1.0285260465076627,-0.3413744304506876,-1.0647204603670959,0.6243949568241223,0.17403594550531826,-0.9808277639662787,1.0
-1.1634220692620338,-0.21367955232966904,0.07320028347062191,0.5231775314920104,0.9131011376776205,0.9278382893326858,0.20548927527248478,-0.7647572854703684,1.0
-0.3945549449088904,-0.5560545051261508,0.2082203532804357,-0.07248244980578919,0.3006731183417959,0.4584734297425155,0.4182451298119722,0.10482920987061616,0.0
0.4599421496822402,-0.3562328777180982,-0.6911438294049349,-0.14248940462890103,-0.7636005205361582,1.4599893840070026,-0.0020543910005675205,-0.6700069816977461,1.0
-0.9267208578438102,-0.9994091391280427,-0.9920388483163579,0.7120432241686347,0.024142075934850016,0.72924042835437,-0.34019620781839205,-0.055814806461571595,1.0
-0.0578123258087445,0.435833043869359,-0.5021574955231554,-0.34763166911905635,-0.4493080520193744,0.08436504389731533,0.14317565911314697,-0.4518881604643338,0.0
0.7384889595114823,1.136820096689894,0.9772030891882876,0.26878417027464424,-0.5480562377353634,0.30870193008396357,0.3274618192680125,0.7951160621542902,1.0
0.18747317020407936,0.21395313340645702,1.0749191895792234,-0.4518262145275526,-0.5645385923250267,0.9716609838039011,-0.26666894404105057,1.1070404055463297,1.0
0.4463719315446572,0.28382218743537085,-0.22533353477424534,0.0626153984208646,0.6056877001857105,0.31600672109921246,0.4371988121490196,-0.08741015590072415,0.0
-0.8332698978643103,-0.11368389526866535,0.900763919170261,0.8844775240408637,0.3380635262169343,-0.8414867781041854,0.2780526347261677,-0.8940698560497187,1.0
0.44996751823408887,0.9245544782434171,0.12081971615843229,-0.5476842173053567,-0.5842476549363879,0.7924236635717166,-0.8730863742286414,-0.9468962149282826,1.0
-1.3514701474712731,0.6158697485318223,-0.0863474331019375,-0.10920490198291422,-0.6648838978839369,0.4477815333951815,0.2950595947022869,-1.022356219610356,1.0
0.6520216701527244,-0.8615583681858258,-0.5765063664123063,1.1658735674207044,-0.052242002379393374,-0.2552948736119618,0.615571025583287,0.8331457059201662,1.0
-0.22622046904472437,0.004043498566070942,-0.2453494435451725,0.5459789728067826,-0.36669132920408015,0.5480819784069509,0.38237978492141445,0.09720018222707189,0.0
0.03365836036812138,-1.0168521052659227,-0.12636867553031017,-0.921951286514377,-1.0294155821090114,0.8639292639005288,0.03536125202110591,0.5399954278285578,1.0
-0.9843521446152406,1.0539918262894565,0.7590627811581567,0.78467307025589,-0.7323104835708342,0.17829187805219493,0.09931777160938028,-0.3877283774724926,1.0
-0.9620911369847603,0.9212711825866039,0.5902275097285085,0.1090100169909392,0.9691526166319305,-0.7855307088088388,-0.38002482720305597,0.40577604306960124,1.0
-0.611151113250393,0.3486656112051595,-0.4086993799481714,-0.09276130066047665,0.4303618529125727,0.1004336189531464,-0.356637336731417,0.08245204701066079,0.0
-0.39771149191250144,0.08258311114157432,0.12724155829862277,-0.0862912553778954,0.47883831696801177,0.4286205774001671,-0.6297870197949275,-0.04166029971290121,0.0
0.3102720695307511,0.41638509522374695,-0.5255437061258572,0.34156564226898645,0.44376049165197706,0.004088587001298189,-0.054539920922735734,0.37091336838722777,0.0
0.4259895021125621,0.5091560439652678,-0.3197303913876574,0.2792843883802556,0.2038314083169024,-0.20488093632374807,-0.5074613204206151,0.19500087539626526,0.0
1.1275579847414545,-1.2333447780189892,-0.5723646356947223,0.16782293427050754,0.32942729820195477,-0.18954360649678328,-0.7807325748487157,0.31259456029114147,1.0
-0.3403089581545809,-0.02094651288817894,0.5227565121138119,-0.512409703029314,0.48207051950344365,-0.2855966284684641,0.16539490607830826,0.08124091923442932,0.0
-0.5455521991497023,0.9584690843590792,-0.16122548526799652,-0.7436585679137381,0.5257422385763328,0.5750469927951948,1.1587849568616202,-0.5047985419992234,1.0
-0.4289928197637317,0.3145263083781765,-0.46616004570559966,0.26878224829049047,-0.40048281660499097,-0.03964100146553727,-0.4058395399248474,-0.31753054839078365,0.0
0.5447939849123733,-0.3759533132789552,-0.01941365980100667,0.0010478360007497322,-0.47387555377512014,-0.28885885145408946,0.1012531773009653,-0.4931844985886372,0.0
-0.630738356136046,-1.163971131022448,-0.5266385231028773,0.29030791895695546,-0.28822123764520896,1.0127580682189252,0.06035310711436975,-0.8793865056443609,1.0
0.49788012131672216,0.5185024334797858,0.2607510390586779,0.11221670173537564,0.5265613779553243,-0.18695688900749727,-0.10649712594560583,0.2812925840088823,0.0
-0.22552635045424477,0.43921234466380754,-0.746756204180079,-0.9352291987580432,-0.04225752411762167,1.1213912670546293,-0.1395960458973787,1.0223212658717111,1.0
0.22300601684248045,-0.44871781833182056,-0.4536990437712133,-0.408062366589939,0.15615432795838713,-0.004081952534541707,0.414879754531286,0.4243075198734022,0.0
0.30170682542528127,0.3062315669628041,-0.38240416076062256,-0.31680524265371734,0.4559170954206498,-0.4351107504528927,-0.21314289878327086,-0.3549437372164366,0.0
-0.06950790552541544,-0.762456080626129,0.9657403932314471,0.8183385828677676,0.005090314642380253,1.0068548646915434,0.1998175296094286,0.8705097115262159,1.0
-0.457042902122033,-0.10854757162696729,-0.5241817473369114,-0.1287318110369287,-0.34872652071217913,-0.48757512438319756,-0.30718293280804954,-0.1851750105329168,0.0
0.2678749017412482,0.5849645388593823,-0.05716761101682197,-0.3618622627284794,0.45656834037792415,0.4060488142620548,-0.1319795044565629,-0.24718052868729087,0.0
0.2494384276343576,0.5774996583406042,0.79907684326543,0.854339869447432,1.039413578030579,0.4465823443916882,0.48162745997637096,0.8509246821812652,1.0
1.2450929642473871,-0.21318641981681488,-0.7028425393090899,-0.4352396482773447,0.7591691980926797,0.625085424006597,0.3214777980008334,0.8065086738818458,1.0
0.8602422939162431,-0.03952746768172739,1.146788248789714,-0.5850514627718632,0.02939619066293233,1.1639032464744101,0.4815126259944503,0.11671744184773772,1.0
-0.9164394271046372,0.7143704305223296,-1.1594805759261184,-0.24670007564447058,0.26860409226986715,-0.0764842068323292,0.6912471607663614,0.82990174215028,1.0
0.2746976046584398,0.6128595770475664,0.77054964032567,-0.8549700701203815,0.7271320558979899,0.824486840540272,-0.8512081605766603,-0.5396006729401889,1.0
0.5232869381390794,-0.268336264509834,-0.5025653561948432,-0.4221941202521238,0.1765924074326519,0.11961498848749672,-0.1311736068374116,0.40080853051645715,0.0
0.755741821272614,-0.010479074780826046,-0.5734256461247873,-0.09233683800186511,0.1877880516754882,0.047151560920004394,-0.18633405215112464,-0.13854033436205845,0.0
0.7918708832884553,0.7843837742881296,0.6734905259519991,0.4483222795635167,0.8418652194619782,-0.33362580899591276,0.8651301440884244,-0.7311681404129567,1.0
0.6028708023648612,0.38590273137957803,0.058075835406578985,-0.23179804919242633,-0.1965913933140868,0.4265807092549449,0.3694923204671873,0.27088537609898866,0.0
-0.10842946120764554,0.5496964586719153,-0.34936653812781837,0.3516872819890896,0.40892301889251187,-0.3349573123124091,-0.15203897243615247,-0.37122183044417756,0.0
-0.6445530644615766,0.309961048272726,0.1938878113984407,-0.4926642981799067,-1.298449288373167,0.3271672238675123,0.9860435620106994,-0.6654878274650701,1.0
0.23780559894432135,-0.2428434539733151,-0.26589947921306384,-0.47381233446541865,-0.5363966817668903,0.34721220727862206,0.14766595520272033,0.39898864797878564,0.0
-0.6545973387973558,0.08679802972994659,0.8457720352043211,0.42942093739194676,-0.7380008993696844,-1.021227276144284,0.022591372841208053,1.0373885009637391,1.0
-0.648500104581236,-0.5826180037946136,-0.7969211269500739,0.9467648359857517,-0.9114349903726958,-0.1391498349211209,0.34817789641106556,-0.8586341904388135,1.0
0.4861524930814566,-0.4443477612428024,0.3542684042049113,-0.29077219420337347,0.1757045857852333,0.002012157168386483,0.2937783488409985,-0.4888500597517414,0.0
0.46655414774751763,0.30336839649301,0.06494335443812535,-0.3502457786139132,0.3053099711421704,0.43231651634951085,0.5052137280616034,0.16748862258969033,0.0
-0.14517253818568046,-0.4436392728194397,-0.4227611044565549,-0.3787226386291753,0.3051765898479066,-0.044926645287349916,-0.40772544722920817,-0.44560088257448954,0.0
0.4356019554813764,0.4530191503276643,0.36470923418090057,-0.3923099273267191,0.44436773848159516,-0.17303552776584918,0.27496360147343674,-0.12286463377876905,0.0
-0.9564198554645029,-0.09681290413776499,0.7031268525063089,0.05385425182404962,0.2792078040615708,-0.043378670057399975,1.084296517921013,-1.150244767373557,1.0
-0.03581489237914838,-0.39081259033563365,0.52977975795311,0.20847552242903963,-0.1675672054193637,-0.2447257654535162,-0.048739631285734136,0.6568935660085059,0.0
0.27669409512930254,-0.6709411444001009,-0.939735978287313,-0.46926712488937045,-0.6064222796147326,1.251028026420358,0.31719160382717065,0.5801149863960704,1.0
-0.9303699004666508,-0.6428280337063295,-0.07995604841636948,0.8762318560059795,-0.8664981210149734,0.8556281753975223,0.3937788279851306,0.5559032277321005,1.0
0.3157226703810294,-0.7861932854016513,0.9327666557371046,0.934171438374979,0.42933211541609184,1.1161375251226713,-0.19612938530578675,-0.2663336759991628,1.0
0.14884215940026524,0.045469239663181414,-0.4944890493575461,0.462571313633412,0.4673082814077495,0.360385887531533,-0.3907865179706955,0.12774114163664038,0.0
-0.3761419175761779,0.3168677783791425,-0.4293484795582711,0.3930077793945212,-0.3649762844028036,-0.39464018495321557,0.13486050298484084,0.3349341999286754,0.0
-0.0736584727793289,0.11585444192371826,0.060832460380656365,-0.31486029585547687,-0.6898119532173904,-0.6035462521464242,0.1824383342301516,0.07015859501115611,0.0
-1.1168879382839607,0.5070733084430689,0.5838830864344943,0.7474035056672118,-0.8100372402837612,0.3324000608104941,0.9059923473876378,0.09183828000447639,1.0
-0.5276233882564221,-0.6564175586435544,-1.0722659622504127,-0.042948289004539564,-1.0301615135255737,0.22517987012429258,0.6482879865399327,-0.7790472823837677,1.0
1.0489542411104622,-0.34242830660719104,-0.05703912719990911,-1.0298023073884783,0.04451980684394388,0.3565152210688027,0.636794325234409,1.088163347963089,1.0
-0.14720267525039216,-0.08543036377557194,-0.29693115851645274,0.2429138053610928,-0.4875842379426437,-0.5212892753993658,-0.5474043747231948,0.12134804657997199,0.0
-0.1912417767574372,-0.4446143352115789,0.6322036653486364,0.486329137789644,-0.0015796725960628309,0.3495297454340512,0.07319989319977738,-0.04489329939303955,0.0
0.9866853897339307,0.5658293910179484,0.9990354859416861,0.015145561520290082,-0.2745242608810709,0.4553670701138438,0.7250936746339209,0.9484219400619462,1.0
-0.298123895054039,0.40405907948724695,0.06909270896590546,-0.40541474981248293,0.2733206467498414,0.040285260942672554,-0.4817095809245328,-0.5199541163799951,0.0
0.267753801814314,-0.33387304738401735,-0.20897723527390918,-0.12600315391410769,0.3474552867915214,0.0641897994838753,0.6581654668671191,0.4463867400941591,0.0
-0.46822365924308396,0.0862590146322994,-0.0435683101759613,0.4165819215128815,-0.1681231127950111,0.34962767442053916,0.2952555248099377,0.600172121669557,0.0
0.37079627177706714,-0.12332182617354831,-0.46402985571286937,0.4637496161343692,-0.35387020946309533,1.802863582844968,0.187047101589509,-0.07991618647484111,1.0
-0.08641339103382513,0.41410092166691065,-0.9010269514476873,0.52753325537262,-0.7376457652692023,0.8805190255438061,0.4741450612194588,1.0893409389729634,1.0
0.42218778442391464,0.036941092941283546,0.5240013604218358,-0.0521459221082419,0.49426255686875853,0.2661947525963885,-0.4342283533095023,0.19846113767914117,0.0
0.5333884502549026,0.012459160997865853,-0.37611603517633097,0.5274452774554717,-0.15338231107145234,-0.1345990016886126,0.22565846128742842,-0.4506827842942965,0.0
0.4681149720005449,-0.39380158168656293,-0.025674927297742272,-0.55262690604936,-0.4537582564104667,-0.31648403729854946,-0.0983073318019761,0.06332420909239767,0.0
0.9506808556886795,0.5316727082675193,-1.0991394604594054,0.03394700821037514,0.4622401440536742,0.5022897688077131,-0.6831779879045616,-0.8194979946431235,1.0
0.21041090431872236,0.022040745017758746,-0.5203852824136226,0.032870096198751024,-0.5297266446129182,0.27028690287114054,-0.4124608495663981,0.3994632539101057,0.0
0.2815799516364147,-0.4711033130465253,-0.03697528537733438,-0.08504616088632139,0.3824737125340686,0.46089478395789635,-0.26735262421392175,0.5098890170708963,0.0
0.1663506701338167,0.22286045209218933,0.5448358911188398,-0.11093799897161931,-0.5697128443079044,0.41197283790812145,0.2530212696268636,0.23493228502090588,0.0
0.30931406454174626,0.5070182093335561,-0.48279069942923314,-0.2660077481324098,0.5690435739228834,0.08746391099739184,-0.09968620961706286,-0.044860876287811116,0.0
0.41357887060654447,0.5192558064609016,0.549024730953799,-0.3245693866039755,0.05900099166318416,0.35830662900415966,0.012321786255257448,0.14330352229794502,0.0
0.2582945855511178,0.1905952740999815,0.4631595435574795,-0.24219402464282416,-0.12000863054876638,0.6313938084521733,0.3839794136620048,0.25155960989499243,0.0
0.7730489190661841,-0.40793753132850524,0.8858313192165236,0.9076413041428679,-0.8428584495068168,-0.6772209885543422,-0.6121907938483193,0.28923394485600223,1.0
0.0998016121003849,0.46905050057502445,0.2364897591304115,-0.24109868963162212,0.6509108502356525,-0.22609142114954622,0.33413872504427405,0.2636746642563587,0.0
-0.35961028416726004,-0.19511504488543965,-0.46887709053187443,0.3628324529295165,-0.2507527777125258,-0.5067714440220733,0.40107612588151237,-0.023688332510382687,0.0
-0.3978993366580374,-0.22121437953661416,-0.07251390145531496,-0.10091140932186754,0.4406321302168756,0.6730911244208921,-0.04531099799511291,-0.3578233017073824,0.0
-0.4854232829959252,0.5055629790990296,-0.6252272363012457,-0.8965917292262231,0.4430504231308484,0.7666473984247135,0.8878465691971669,-0.8612032531157928,1.0
-1.0903100169316078,-1.0296859021912632,-0.15550408492839782,-0.5914281080952566,-0.23058783910164027,-1.128429086742276,0.1892594315074841,-0.12107929042780964,1.0
0.41331397337129394,-0.3548906591464167,0.7355485627665189,-0.8813221826383348,-0.6232819944570389,-0.8901465078554402,0.7337023905697149,0.8162740064947989,1.0
-0.21662172243760258,-0.4189228067641704,0.48237541814480245,0.0015145904453362485,0.5037682958432674,0.38768749667499225,0.07241414481014809,-0.3681880959277048,0.0
-0.5066787738811958,-0.8949286402917058,0.009806974892030956,-0.8105317906656154,0.901699545534149,0.8203748817640255,-0.5348920023465515,0.716334361333876,1.0
0.3138211010961928,-1.1949725396225352,-0.6242993871242757,0.7808625362310365,-0.047618524304870215,-0.6615647654905578,0.09877536540736177,1.0121111031873034,1.0
-0.20199627474052967,0.21039877522524467,-0.27580499382697754,0.09348443301158184,-0.5489004531508141,0.05060406957231523,-0.5906801885765833,0.42114909715675786,0.0
-0.43125731932524014,-0.3554922399575117,0.07487559734760635,-0.15796656608710777,-0.36124683515142697,-0.3026668899275172,-0.6355076968762352,0.17636906141563036,0.0
0.818586843625304,-1.0266878263435366,-0.7780234786308073,-0.3718353614279955,-0.18739944040401676,-0.2781205024946451,-0.6801943183296321,-0.9783208791153085,1.0
-0.14520206841908198,-1.3066575018554196,-0.2363851380198826,-0.2042785788671358,1.2324654869843368,-0.5800690328834971,-0.49296210982758765,0.2747580020081638,1.0
-0.5408300499589237,0.42421408989734993,-0.03813594578658722,0.04173805475934504,-0.43008560970463594,0.4885486916513283,0.2591021265289235,-0.1831979248158022,0.0
0.9668338201508425,0.11994536217307088,-0.875319451880137,0.10248046554727729,1.185991633881523,0.296127608112525,0.01724229709014674,-0.8829462457674385,1.0
-0.17362422717233741,1.2356716149496274,1.105670112210751,-0.3367073319523564,0.4545609438902039,-0.8065506597781722,-0.0743135046105835,-0.49438845845500323,1.0
0.3990271402109814,-0.3562300782840492,-0.4703158710009539,-0.05203257631767007,0.4220022289395298,0.3755421443255744,-0.05746962584943758,0.40933180171749345,0.0
-0.5246598532237758,1.050031600253364,1.085535581161416,0.024830546381904166,-0.6512209153431237,0.7240802342388567,0.5860171904381575,-0.3890560489167652,1.0
0.04989398714680238,0.6017206053770404,-0.39146857919461153,0.025849986003827045,-0.38465923984054884,-0.3127256232042281,0.4794577856599979,0.07672821127243039,0.0
-0.8254901870724108,1.1929486100832325,-0.3971145138278557,0.2103807904529383,0.2840066628618223,1.1875381408941073,-0.44964159211103194,-0.019883879878365325,1.0
0.24808281751016878,-0.058919543024743136,0.4958421459999653,0.5114068899136592,0.2156415204493259,0.017555436570198965,0.5686741156611166,0.2395563687050268,0.0
-1.0299084709531796,0.18896204563677696,0.10133351794520706,-0.0798198036886493,-0.8818426043370581,0.8535264552153083,1.1145523497606136,-0.37223846511923236,1.0
-0.47567491027238346,-0.6285596856648537,-1.0831058206414865,-0.9918465857772703,0.26185962130714463,-0.6649106764444069,0.8119283620633416,-0.22773646792954233,1.0
0.26291237133915574,-0.3168053367573674,-0.4995574201660965,0.4884600394170717,0.11261302756633826,0.23482923133186573,-0.4865945589730035,0.1943190952038326,0.0
-0.09603725759423434,0.15214435829445658,0.18609643344108973,0.607570919290681,-0.14097464057273376,0.3155783487957212,-0.22577564241950468,0.6272291851170066,0.0
0.3973599542113525,0.598143861083266,0.31142486063945785,-0.31268713021278044,0.00607218048978653,0.3028121300175482,-0.20616855565560965,-0.3941227882396031,0.0
-0.29965778718525515,-0.038366958612247946,-0.3933698363670814,-1.0135668760268493,0.6617168701687877,-1.038725253286595,0.9543555449093573,-0.5468653148109494,1.0
0.9697202021458864,-0.48728483768707487,0.8342318524013945,0.476709108916152,-0.08281931904195369,0.20055644671702166,1.055998452793929,0.8583630922845101,1.0
0.38758547960841805,0.34780618062913515,0.13818750618341127,-0.551327658703803,-0.13318364785171985,0.4194756977679551,0.38944485188334277,0.24573429728964613,0.0
0.3465022181336788,0.4884186677349786,0.4829193860006932,-0.4335083184548681,-0.27991080279965214,-0.3406554941288659,0.11996266506171598,0.10703064084054678,0.0
0.6349635558494392,0.522744273417621,0.2890805275481318,-0.08873174164291403,-1.135717352016548,0.6970240102574247,-1.1861448573424116,-0.22244737989681188,1.0
-0.5793624364103133,0.429863709360918,-0.19986813461430578,-0.8694865330494166,0.9767215934805277,0.0023887120550440894,-1.0614111655192284,0.7765422183354691,1.0
-0.40587691910278306,1.2268494993393348,1.0113216126387299,-0.5137960865878797,0.23748348096321623,-0.6258138201144511,0.10564488145705611,-0.7642932863583923,1.0
-0.30796541153623214,0.1730635370597369,-0.27118320865199286,-0.3022917099197431,0.42372032721863806,0.5047775526814021,-0.40087127894520524,0.3394828879696882,0.0
-0.6975606761415425,0.7780181220172526,-0.9962678066095269,-1.0353848124922904,0.4924621163718553,0.39112375175234204,-0.27848624573299097,-0.6086660317273491,1.0
-0.31165352470838625,0.03721746302955088,-0.5499451863237158,0.3330394114047882,0.11191845380933006,-0.3640553322122364,0.3636549254808471,-0.45915689413456007,0.0
-0.0471997626337901,-0.17422146705657698,-0.07656908946432792,0.5350019611504372,0.1976318073265115,0.012594826925681278,-0.349233158278517,-0.7170414068616532,0.0
-0.7533259620056216,0.454172707139397,-0.5307813899968508,1.0846132831370114,-0.967470314820504,0.8662977917864381,0.20045866051864342,-0.20361223058516786,1.0
-0.020316204297437728,-0.23820310538912048,1.1429926899962373,-0.7630790614189242,-0.9979261514039063,-0.6712229918136836,0.7245732263307753,0.2876131435706467,1.0
0.38938851846610184,-0.21415112891288582,0.4854463386507378,-0.37143469422277514,-0.07697069098665302,-0.04942721048177768,-0.49936104527008174,-0.4137209276192544,0.0
-0.26106303840095024,0.2060059771262946,0.4094600573445684,-0.15157558561594148,-0.2998958560540295,-0.41447513836159683,-0.5087338531873701,-0.4221819897586334,0.0
0.3282821334993094,0.7794918145157425,0.9663002182087047,0.9040355755012146,-0.8465782065083441,0.5690807346652733,-0.23347656078436804,0.6622296215878192,1.0
0.14792600272669532,0.2073913919586991,0.3068629987597156,-0.09658822246654764,-0.6254668237754591,0.15336992573897057,-0.6304901720071645,0.13915309830945183,0.0
-0.11583879188623676,-0.2280101941130283,0.4171582003522571,-0.24274015706148866,-0.4206053034926429,-0.43195831452803235,0.39832774571872415,-0.42365927096914646,0.0
0.6524850594453038,0.16607896583295118,0.18468053857910158,-0.33508804678272397,0.2504955238418833,0.42873791878123485,0.39131234653008695,0.02450634345268189,0.0
0.1560760636994304,0.4571724077983502,-0.30785040738254216,-0.2981414749959279,0.4772619834799065,-0.05415103290161161,0.2576949832452649,0.5346544676894999,0.0
0.8527644249010512,-0.297839981311012,0.3680496835132555,0.8783614670834304,-0.8775426658058141,0.32762264049125395,-0.9973677290068071,0.6363526011799121,1.0
0.12567949414483687,-0.5669082186881572,-0.5296988626389612,-0.015052506727479271,-0.19174379112505796,0.13394426559860223,0.567511899317675,0.072358618744522,0.0
0.22159891962227005,-0.14062691811875583,-0.5310306798339559,0.5006632839600956,0.10699535075471754,-0.49855112995291706,0.0688876085661852,0.36566917427863604,0.0
0.9266701495236069,0.9842988231623574,0.4544156429870977,-0.5370664945928888,-0.3105661231587995,-0.6386076235213655,0.46458282507590076,0.978466171856966,1.0
0.25396518622965697,-0.10138436015659244,0.45794630573424694,-0.31604064355464145,-0.21916739323053253,0.20251556903614468,-0.43402715389841234,0.581549581812455,0.0
-0.5045589815223801,0.3680851326786244,-0.48481465751439295,0.6856996628616748,-0.2082074775764677,-0.7884971654842851,1.089892644018733,-1.0255535969879843,1.0
0.06039941601106673,-0.11472254271784142,0.3431369312235388,-0.4313881867947164,-0.24944814934307744,-0.22896430563952064,-0.4971449324409088,-0.563515581987743,0.0
-0.32615656135438115,1.1677933872581245,0.029214744941600326,-0.9258022182347719,-0.916810790533983,-0.33480719312381474,-0.6954407941658901,-0.48542916388920965,1.0
0.8184001445971602,-0.7450980283027329,-0.8460029495971884,0.6118074200207325,0.10226017512471253,-0.2687528710396492,-1.04127860807465,0.7197738762143896,1.0
0.6370586683325687,0.464005906872823,1.4233356423346548,-0.31075492016532547,0.08235106647875828,-0.4105385469993141,-1.038935131384218,-0.04113388378772698,1.0
0.45617444995132544,0.4527196297002543,-0.3431970164254549,-0.23834943277766396,0.2871110297312913,-0.059382030382940175,-0.2658025662223653,-0.5057125574580331,0.0
-0.22734549139828572,0.3187567459073583,-0.4883923408698762,0.43882961905914936,-0.30852607348343997,0.2263130547128614,-0.4878970428347521,-0.1765224918700076,0.0
-0.42423521622040633,0.3311064383682089,-0.17921918899219655,-0.19818772099508275,0.44335012805878865,-0.36793580084390304,0.34196988239715753,0.43602250776099244,0.0
-0.43012402179746373,0.10178960377866626,0.18947215942673706,0.6309114069671949,0.5640532398830198,-0.1726066811509646,0.07734490748847508,0.1294292906621896,0.0
0.951682118495783,0.998879059755477,0.34255633414940617,-0.19031270414694448,0.5160668854875086,-0.9109507165572046,0.8267500499870254,-0.4041115173381966,1.0
-0.8448235773850096,0.2425763645254407,-0.9960803942567743,0.6936697782655844,0.6769407917071556,0.5417730620528786,0.911636439221307,0.4137970925549048,1.0
1.028284484498075,0.5160566442527101,-0.5882113790818158,0.14074725157745124,0.4745033617487755,0.8579491820419154,-0.5466411582260248,-1.024923093900831,1.0
0.5470798846396663,-0.24194428278013036,-1.0445091413731245,-1.169348919105828,0.9336127704308084,-0.0352370309845389,0.21429587670726685,0.5147748503849401,1.0
-0.05541671690824445,0.7686824205566551,0.16425146290319056,1.1836446971013015,1.1289532803227265,0.806949314188564,0.21967893386793066,-0.06404274327521854,1.0
-0.17380101527528588,-0.18232221198479573,-0.8017048950444554,-1.0200166494967091,0.8685296234780105,0.5535722281076293,0.08786663595824908,1.0885222321165509,1.0
-0.4582599823986501,-0.42548138174166944,-1.2954467322160315,0.2747663430596597,0.5869351383043739,0.1899323867266309,-0.5529404476020707,-1.0811911469935311,1.0
0.2087391704743113,-0.6389423010193294,0.305934553409864,0.33820459925381313,-0.060979618609264825,0.025816174686371915,-0.5137941095653265,0.2680168221699909,0.0
0.48564941016984314,-0.31270182789386736,-0.4564754833963856,-0.43893335569175157,-0.14255274135207194,-0.2495682310586265,-0.3670935418541429,0.21901279656903586,0.0
-0.15199997098649706,-0.09479876728801925,-0.5788768415780127,0.09381898147000839,-0.6133273234075498,-0.04040153183921215,-0.4859966158447353,0.10006699513631559,0.0
-0.5950899695386146,-0.6101512839129476,0.4818026510666062,-0.6486793172385533,-0.12579365562748754,0.08619198187699376,1.2288604285966211,-1.0427433208605774,1.0
0.1070057920495847,0.02731753476680126,0.08377484797689258,-0.5168068286964183,0.1556847484741932,-0.268607255638803,0.45298915693288,0.6419573306951654,0.0
-0.2326353823452154,0.5206092899774958,0.3054872558298443,-0.47307318371324664,-0.268706499532654,-0.03630705270233841,-0.4717566317121245,0.24829486687363375,0.0
-1.0752132556847258,0.4766634382638573,-0.8362341806296409,-0.7664860038672452,-0.5557905123204151,-0.3530949333946487,0.8501910320173858,-0.41655264486914045,1.0
-0.7418994974512351,-1.064819163284258,-0.3675217262347468,0.4722921085702464,-0.8712028112005827,-0.11735154741002381,-0.19428974814279434,1.0710270771344692,1.0
-0.35236451662261814,0.5167592014847875,-1.0852361672898228,-0.9795068364225141,0.20824495331105267,0.12740175280519783,0.3894253722222614,1.1226658924123243,1.0
0.48926169667155583,-0.13547962594063823,0.2631845989645847,0.4826293740392212,-0.08290579247976715,0.09682439543793296,-0.5578407998242512,0.3356133569753085,0.0
0.19438815003409085,0.225261285876428,-0.2882557198921041,-0.5273546059839352,-0.46373586573085085,0.2756952164945742,-0.13239783869713823,0.491618110380232,0.0
0.6524325261029601,0.637785200967127,-1.0357221931599834,-0.1822538772270339,-0.6042005167718985,-0.9714480416311922,-0.7868333751096824,-0.3657165253291365,1.0
0.6368447158649596,0.43483199792320537,-1.069285733315346,0.09378652952992227,0.5027804864050247,-0.951859865854847,-0.7282458583544198,0.7510090524878789,1.0
0.13100170460779392,-1.1543408864556448,-0.13564257151214465,1.1149609807532823,-0.2803760097139391,0.8442476243365994,-0.7241549991792596,-0.2702472101252557,1.0
0.25937428828046877,0.19341779947013635,0.6322619764612855,0.16170079773471588,0.3039608800155253,-0.6116773044270934,0.02455384475659007,-0.04762295598781665,0.0
-0.719599405104981,1.0986261719863388,0.024902621595878048,-0.8459477828368132,-0.3725961264947998,-0.5253583008367627,0.5858787573701403,-0.8949113377736002,1.0
-0.45081654180899355,0.2646812724611467,-0.30735784792175114,0.4690121110141537,0.41273164635257553,-0.18519147838943698,0.44444689841227475,0.10045258386632692,0.0
-0.06312004882789451,-1.1993398315534753,0.5418776122422536,0.7726669348133255,0.04717544277718877,-0.6291878460192362,0.6858608950440289,0.8935581983015507,1.0
-1.2859559784157646,0.2186874174408931,-0.7014513674169366,0.39761319139724893,-0.49908743725043125,-0.900550751807669,0.7353722170201716,-0.21796912634102106,1.0
0.15078516550753587,0.28097261009388297,0.4864868650912191,-0.6307467703247965,0.009480679257853071,0.0006697052023125874,0.24193007114601098,0.45297547058255816,0.0
0.21712288159264242,-0.44666557114734895,0.5153112279596135,0.29564489299492824,0.5680059957087266,0.0025831775561094158,0.1140136392622207,0.2544786111250383,0.0
0.6084896091332652,-0.2180592061903915,-1.2256257764204326,-0.871272007565268,-0.9607810075432915,0.4744333148872714,0.05807053075728862,-0.4115310704019831,1.0
0.5532913006427487,0.5566052507928518,-0.2172009895499737,-0.3296749335241746,-0.024946857011946582,-0.08642276993759382,0.4621608763882178,0.08070677335167704,0.0
0.440523475903139,-0.16106675900372103,-0.4169052610562995,0.21842633884761525,0.15110827517636152,-0.16966335558152257,-0.48823917556718704,-0.5181502161641697,0.0
-0.3663728179626867,0.7981580046742038,-0.7286678203320756,1.3536116744673432,0.3380966662807948,-0.1405219198868496,0.1634258989165753,-0.8394817508649174,1.0
0.4337713052959158,-0.42448520984908084,-0.32981283068601663,0.4994228506077126,-0.11292130387158858,0.2797310387792919,-0.42711506857401516,0.0052074561366831995,0.0
0.3369714967981284,-0.07838736739196259,0.3945069383538513,-0.5529067867761671,0.3475808832165059,0.1074443477320329,0.5015835310178817,0.1871395064678124,0.0
-0.3619874445643273,-0.21789815602121798,-0.028071479707342827,-0.4671807779652541,0.45186763004709946,0.4358244315785662,-0.28898302580536017,-0.3532720153909404,0.0
0.3186663692937647,-0.24060045797013155,-0.2689453255065619,0.5658621582114378,0.22835401862803867,0.2860425762208831,-0.5265458736772579,-0.19187267699428867,0.0
-1.1634060830490016,0.8374185236901159,0.6286843390596368,-0.39484103265236103,-0.1050798961892149,-0.08132018745266911,-0.4854427674315161,-1.068065365480207,1.0
1.0704699549417418,0.4309803746445871,0.0249382756293084,0.8044139374878164,-0.28531025330719306,0.14084326185129523,-1.0434918334860201,-0.9113354597617046,1.0
-0.41826764653505616,-0.035638012101121046,0.19657291568107355,0.29935038615451093,-0.4967992622183945,-0.07387014078886332,0.5338536390905896,0.39782474844348165,0.0
-0.1869440649957423,0.623421500645077,0.11668416329246943,-0.2883634768908973,0.9917647750865412,-1.3083289644091547,-0.04637204650967749,0.8843960907967385,1.0
-0.7697279031301472,0.10976080105724503,0.7318557895810969,-0.6501003689605588,-0.5236159648050006,-0.3600187189454169,1.3456471810758766,0.4718841411839237,1.0
1.0527029184032553,-0.3322755502705707,0.134316238539506,-0.9685931591145172,0.8993631961667948,-0.8274326545037137,0.3136351131693295,-0.48304246592578526,1.0
0.8377252758578957,0.35089865056810354,-0.6225767577991247,-0.604665641826588,0.43980596488858914,0.880922010360777,0.8160736617554235,-0.8868117302790397,1.0
0.9165475851292123,-1.1363936723049988,-0.4682440517361747,0.6916721112023578,-0.2780571738087248,0.5519892426730616,-0.8797103651923844,0.12242917045107424,1.0
0.49207548731745515,-0.5409708158938498,-0.1796818264508073,1.2241901461002336,0.380579872972077,-1.2844179077618623,-0.3665705537049976,-0.07308109353609707,1.0
-0.20894968976990574,-0.9598075846740213,-1.1047228173073302,0.4278051484155854,-1.0406949544545374,0.17245065551746497,0.04375274066383428,0.7190133241643185,1.0
-0.3411897833349071,0.031180144409691374,-0.4801822692211371,-0.4152976279281773,-0.46864930150045825,-0.017196925367169984,-0.04040669133898878,-0.5079464500923525,0.0
-0.22350361719673373,-0.7197101510575217,0.4181011885124724,1.118049704333331,0.7792022357646905,-0.8910206536306707,0.08846482172827129,0.7735113006729825,1.0
0.32008426128578316,0.3983651848482632,0.20117464202954471,-0.32197569918855484,-0.4270482187890862,-0.4426789906805332,0.31241787243203323,0.344632936235706,0.0
1.0382735631374753,-0.6720550195922717,-0.3315432609250012,-0.5082082266736057,0.9006006163540586,-0.5972380503107457,0.4410543191813916,-0.8601336243993001,1.0
-0.25824931916609367,0.803719260392029,-0.5166136816420095,-0.7488763479568336,0.4648392839452919,-1.071659192156027,0.4171664956838302,-0.9597292794761738,1.0
-1.1621452785168163,-0.21868097713689386,-0.5828120183249131,0.28274401127836907,0.8305998405604154,-0.11023110378962055,0.1071333451380755,-1.2117996584500443,1.0
-0.6098391935417392,0.6030455988885647,0.09939884458492435,0.08521635243470711,-0.3337850830947385,-0.3391927861694299,0.0868054728812021,0.11528568274650645,0.0
0.26839762006433576,1.1661115648448395,0.44589086237858183,-1.0373516178458735,0.7742397669365564,-0.22067188213734618,-0.012761891369334708,0.8030711883360149,1.0
-0.3716383327048701,-0.45061252971937943,0.4963030492524506,0.3143700763785811,-0.20472248351263195,-0.22436784053962514,0.46767881320468,-0.05208013690609804,0.0
0.1750077169189809,0.2631727196396982,-0.5212096957994036,-0.44317555442672835,0.36067283307696085,0.2475445360225317,0.22961804615440778,-0.4335443030018574,0.0
-0.2574329405214164,0.10938787729528664,-0.4897512140244015,-0.5268612549788484,-0.4055196698583102,-0.31800749180843935,-0.16577098628587378,0.3335694116920603,0.0
-0.17731304172711548,0.4607346976755774,-0.2870768630124645,-0.34602005614435766,1.2196351466443258,-1.0487962341895107,0.9551449806647593,0.23314213087887573,1.0
-0.11229789165389943,0.14159898570557805,1.038568933604755,1.0635438305190432,0.46537145314441114,-0.7835548324467934,0.7586011710545627,0.5929447697006743,1.0
-0.28032399923509016,0.16687366230822162,-0.044063568033635536,-0.3772002712396026,0.05987067323850967,-0.33285928951654015,0.6058519168732993,-0.5176037522266067,0.0
0.41852891915607876,-0.49949198746839657,-0.25815623565826573,-0.19114354205894085,-0.5085793934689161,-0.02344511310251485,0.44204222630146933,-0.1325020753862809,0.0
1.0080382052718404,0.3330165298738507,0.21177856954646587,-1.1037223841747437,-0.37971258619697684,1.0270466336808275,0.55719429452869,-0.31691289965657327,1.0
0.46786468438926476,-0.7484114220638702,-0.9018886386827357,0.6402187686120122,-0.3003911364646215,-0.06706254559595769,0.8116304015217737,1.1154477413105808,1.0
0.2795935460086282,-0.3467382905275638,-0.2919932835529025,-0.29078171424318056,-0.23942247261070937,0.17268720663289522,-0.5242570564809599,0.5194193594181459,0.0
0.3079778677214085,0.8657832722242677,-0.5049986931302592,0.9188059841529805,0.38412590773941807,0.4630799790379563,-0.6260884017689905,-1.1412091723867903,1.0
-0.5970064901872603,-0.9464573982018494,0.9310129201463898,0.6090825265901753,-0.26020753233712546,-0.8644304963034969,-0.29591676616995266,-0.7794358774532556,1.0
0.02215838990292385,0.45566569103382015,0.23033934612028595,-0.6676255444406979,0.3889217255706394,-0.04816970842110322,-0.24477299931836452,0.28214083572782594,0.0
0.7275621589097466,-0.9600851364692031,-0.5148892182147997,-0.5962608192560002,-0.648630511608352,-0.9850747125412885,-0.7137755984834914,0.16638097599105325,1.0
0.9488075716190134,-0.5102509569501699,-0.6585309011309777,0.63908001783996,0.8275059922370812,1.0863196725565307,-0.2955587624235958,0.2123919862099192,1.0
0.8662932698931651,-0.6633171910974711,-0.8098434428713804,-0.8222487367266822,-0.20566300632008214,0.3766972083001114,0.02415975113986865,1.1370246853244308,1.0
-0.617550769070217,0.19478622002263074,-0.3800278572527584,0.44580124568435736,0.2618301940287496,0.405227133841982,-0.04286354251569841,-0.05411182296241586,0.0
-1.0050585900734919,-0.24466728014985895,0.012623367014833294,0.21912235880652386,1.0831286659369037,-0.8463143400167983,-0.9843649574101488,-0.15307238990235783,1.0
0.116500307034433,0.3317395360183672,0.09577315042059481,-0.41112523683856866,0.3541379450514109,-0.4390545606013428,-0.5688899363463458,0.2374062994318447,0.0
-0.43378671388586887,-0.22154029077151322,0.03783635442871134,0.15434256412392947,-0.45287628963505566,0.5137398918901105,-0.5154142349641718,-0.05308790603884055,0.0
0.28476613587452837,0.07635382411798555,-0.18124864129413618,-0.14580006950889138,-0.5690371713024585,0.35068658299345346,0.592796419712229,-0.24653120314215052,0.0
0.12551900796382587,-0.19372973107656813,-1.2177000455971485,-0.18912613077049148,0.9909705473459569,0.29495128848244445,0.8256342928362659,0.823080070076674,1.0
-0.6129309344489041,-0.31295487027687097,-0.23090492466171292,-0.18812499071048164,-0.48910215301880333,-0.20035204442181764,-0.2544852293166392,0.3058467470331452,0.0
1.1751169598577604,0.9562451769897297,0.5251678791678659,-0.7340997423248917,0.28741188141992424,-0.5866587553200946,-0.6708837711837937,-0.1145968583100619,1.0
0.7417352977346426,-0.13319534223845406,-0.6193232643337581,0.29616103863896837,-0.014517192000440849,0.7392648430540489,-1.0452747591686085,-1.1495618744345384,1.0
-0.4792944467841681,-0.049165012511074434,0.6593331079886734,0.11172859015039399,0.06538355158638254,0.5407877362661845,-0.15100740844336458,0.033564680259332895,0.0
-0.0017865093426862174,0.5606902741007975,-0.6560418338662315,0.8881762490409888,1.0157559072127338,0.6201269905960372,0.24829697292046307,-0.994186277065483,1.0
-0.19396270129351179,-0.473343630974613,-0.44559232533509396,-0.3724170749017537,-0.013405388756259544,-0.48977616916100314,-0.3886679778962654,0.09977014623158999,0.0
-0.5275197044439948,-0.0005653523690590204,0.2571439566163499,0.4297010590657644,-0.5344914059116025,0.3694877078242294,-0.07543758517557599,0.20751763474409032,0.0
0.026819926953146073,-0.48766062278856853,0.5365283764395752,-0.2217479414030832,0.19509740316823038,0.3760366141329524,-0.18360345868340647,-0.45962615061181017,0.0
-0.5049629308202084,0.0399784332074215,-0.3269083294587955,0.1423583690107187,-0.4903907008394632,0.3501973110036394,0.18096167828225057,0.46947936820278324,0.0
-0.17490261948054528,-1.1135657766854672,0.54024405843157,0.3266449966481338,0.9727310133344932,-0.3035832065268837,-0.44589198623896853,-1.0457684673042291,1.0
-0.022947426144524403,-1.0728807074441151,-0.7677233505792591,0.8687045582768812,-0.003120087720248882,0.8207694617833429,0.7287711956676729,0.5473334912587489,1.0
-0.02863724702593697,0.7631184102739634,0.18133269909696978,0.33655831711646894,1.1974095008506913,0.7997010513599919,0.5367628663264001,-0.9535467961568226,1.0
-0.6269729782443905,-0.4900091647358527,-0.10245812558426633,1.2380366339376039,-0.7854535484936174,0.019457731344640277,-1.0387286818105796,0.35677776554908386,1.0
-0.27831663551222263,-0.3689615267040731,0.635211645172653,1.1003601868395851,0.26820155496495524,-1.2618815675566915,0.5725899571663193,0.424245734913246,1.0
0.8459920487395037,1.0874702361252295,-0.8510748449784743,-0.6438523784069365,-0.6814794492984599,0.2326665372325447,-0.4468937146145843,0.49453989985635566,1.0
-0.299505762670536,0.19354427000916635,0.10990888338213486,-0.5088398575098878,-0.5163101456280476,0.4429101616180155,0.010529765459202955,-0.3728035631980881,0.0
-0.8002622934647252,-0.17881326017464524,0.5697041285429704,-0.974965391346452,-0.8017194262163049,0.7770146461644138,0.2956879546107436,-0.8476724638759672,1.0
-0.24899501120979678,0.40304707057233813,-0.3272335107522835,0.5020598497817816,-0.16412900651301934,0.3517299184467457,0.17445720580260038,-0.4850990589637997,0.0
-0.28336470580101275,-0.15299412853197425,0.32819496879442756,0.4276880805474382,-0.13480666055330542,-0.6698701352681184,-0.23284231269719413,0.29078141605144003,0.0
-0.40640545999711636,0.37128380549204365,0.9957319737772571,1.330743041447913,0.8734636289091339,-0.26863214669479446,0.23790125202738677,0.2071829744895062,1.0
-0.3055343889807553,0.3744969138074319,-0.5635398492807523,-0.17052953720044967,-0.18827346911532986,0.5627730372977634,0.258291473249239,0.029469273461690173,0.0
-0.2147637072431597,0.1490548551128025,0.3575529822952426,-0.4266776140474674,0.04647780690349893,0.3213819329768012,0.6785092626120572,0.2365162275874377,0.0
-0.2844836493352912,0.904859945965476,0.9342572335521583,0.9006978879853902,-0.6580627438283083,0.9403636758848269,-0.19415401779045668,0.247342004559909,1.0
0.32384574982902503,0.9630479440352051,0.9317997926974373,0.5964569513479576,0.3724363463446565,0.9286229422551873,-0.7390679652811984,-0.44314780949343,1.0
-0.3511443330595382,1.0385903372480283,0.1500624076617978,1.0437894442626594,-1.0171299350297462,0.4370021538121191,-0.6616080767089838,-0.1508747966069328,1.0
0.46982484141756026,-0.4377617313212493,0.19682134258405087,0.4075098348863877,0.28459188113212835,-0.10432448861185725,-0.4531725814480099,0.29254888864113826,0.0
0.3353459096865043,-0.9299801421193195,0.48684959871089156,0.019748818598868744,-0.8211678211573026,0.9603077605136333,1.0793662184392374,-0.1540405453265256,1.0
0.07506813180532529,-0.36703951475117147,-0.44189138914623105,-0.17528095120033962,0.14921785689553063,-0.06624417155062123,0.6335681471714121,-0.4534230941979709,0.0
0.7907324228897364,0.26964065356315925,0.3450778864725973,0.4901585830448427,-0.45968870177244786,-1.1851758916805764,0.7062422526690397,-0.9099276085815339,1.0
0.25791000669983405,-0.5011570735618693,0.2390882729646812,0.21240501406045909,-0.4176663606599727,-0.4206425862848946,0.4378301054234924,0.1922611462495719,0.0
0.053179267759065035,-0.38511574881141153,0.9960710987001906,0.5380008198905678,-0.304305966459077,1.061563165872336,0.8808865453063321,0.756158533356659,1.0
-0.9724107524181678,0.9685526818573253,-0.00665482481264205,0.6177627280442665,-0.12674632253116463,-0.3939707947153498,-0.8171447993796966,0.9463850779029813,1.0
-0.4488476971949431,0.7103694171771086,0.7606045806118203,-0.9963168107690262,-1.0156396760737882,0.43399250001738215,0.06422461864990738,0.7062197087778509,1.0
-1.0511253710045743,-0.6941841369072869,0.8131453122855716,-0.3694174143282022,-0.7982796434685927,-0.3897844413566002,0.8953762468542276,0.15712539662659156,1.0
-0.4231033328732721,0.1642530537063703,0.5840158241845458,-0.5351667611644572,-1.315134579065894,0.43823055995655175,0.06725499274178168,1.1137227393400462,1.0
0.17820428129503485,-0.12398420535482581,-0.3272902913409189,-0.3826216311451829,-0.168200841022142,-1.0197310671548154,-0.9428432962163432,-1.3199456239039076,1.0
-0.654235091241394,0.3487773442847168,0.1073319439486366,-0.15129543626762787,0.5163391662269282,-0.292111346888798,-0.013497112191438917,-0.25259257446774747,0.0
-0.09367155151031656,-0.7735667959951711,-1.2478358004739836,-0.23580231662174272,-0.05978121323286495,0.6484407221540888,0.5542672311154043,1.0241395451846595,1.0
0.1293632099130604,-0.2092771814993507,-0.47907965538495717,0.22438524913987026,0.44010891653477247,-0.2620800746079276,0.4798921235932133,-0.40856320292291876,0.0
-1.1604358681040619,0.2135574953262284,-1.1841608793964145,-0.08954783162351151,-0.3696448979575951,-0.9382650651619481,-0.3919202054437234,-0.16415193950030507,1.0
0.1582146465042382,0.1848934379636968,0.9527334156897399,-0.5635800217395625,-1.0045378524587982,-0.0044518189255135935,1.0458838247339473,0.7826046571541146,1.0
-0.04168648796501075,1.0342243507341085,0.7335075129777778,0.32730997579019006,0.4128350416699549,-1.1911651666782135,0.5567931389495823,0.6197994124744205,1.0
-0.192915910245433,0.32387855023710105,0.42229606157103183,-1.188246187509727,0.41630335630547516,1.1165151638021762,0.8681124416322391,-0.3067398958932331,1.0
1.1881019244365256,-0.07226493607697293,0.2709203434579841,-0.9493823481275587,-0.4770493693008739,0.6235063563842329,-0.022993973081072185,0.9957921071832558,1.0
0.9826823155362636,-0.8156543193111185,-1.1240662561798682,0.3971617992901861,0.5093379605585192,0.33927977257572023,-0.4906683551078456,0.576619196848819,1.0
-1.0094914236522385,0.3629824393690791,0.3072633118220103,-1.0392892804743248,-0.17198802149097886,0.21916218537796342,-0.7132089290140349,-1.0432444313391793,1.0
0.055378282159662756,-0.8990283076449749,-0.8820028158813059,-0.6477999189042791,1.061616845997864,-0.8234413410057596,0.4293915666695492,-0.040553155886659975,1.0
-0.1713168387787781,0.2541152767190422,0.08280791923561039,0.48059153533411325,0.4745302775834314,0.4049650642471762,0.49611104508436654,0.18151786387870714,0.0
-1.3451166008398074,-0.6416070211480686,0.46978755794374505,-0.17479815889318,0.3977488101047067,-0.4391268816475207,-0.57012412210289,0.9228591256950839,1.0
-0.13595947341882625,0.8812995954888165,-0.9559800434649703,1.1510861235415033,-0.8803464123099959,-0.35285851148401554,0.003915554880951345,0.25767163387150527,1.0
-0.36015621095018374,0.5563430891635888,-0.03645163270519731,0.5285974545583028,-0.3602621955787166,-0.2983803287122552,-0.1308555630054455,0.20995959579506532,0.0
0.5278250667371771,-0.008080259755367785,0.10761197307833073,-0.5327403978612364,0.08655554381393736,-0.25914639766934267,0.5783370570003101,0.12969298737139467,0.0
0.20181990677690975,0.5223750282420768,0.5093040839975158,0.2827430082271283,-0.11256024145287079,0.2133268083584336,-0.5060764595377579,-0.18101734281879714,0.0
0.3485007728077406,0.011572753236234953,-1.148085112024699,-0.947960324629171,-0.47769652824975306,0.7312426182684282,0.40188854123649675,-0.8586390054964884,1.0
0.14689738512669032,-1.2629960988714033,0.9205861769021378,-0.26345660763806783,-0.2542602021676662,-0.13506610715767645,-0.8839111073016522,-0.7760050063928711,1.0
0.6953215365425285,0.5123643214547892,-0.8789711548540293,0.6064926084947129,-1.0722626284796315,0.5106078386532822,-0.7321412452482835,-0.4087650613423714,1.0
-0.3874235417499734,-0.3217803051072617,-0.4634191426848813,0.31748683040358494,0.10755295728669169,0.32981331909875583,-0.36126503530840376,-0.4242032006527606,0.0
-0.1823148686751619,-0.46619725705438564,0.284942495248433,0.4032750512538869,0.1290903627784338,0.47235910662308933,-0.3928757312598858,-0.3338556964134003,0.0
0.4934234404246146,0.06195282869345417,-0.5792326126374268,0.3112917621517636,0.22693094801203298,-0.28381024854854336,0.28786778601422824,0.3246049909636746,0.0
0.8220795047264048,-0.16757557711646298,-0.5401155532019197,1.0743963580630769,-0.49402294314234196,-0.9103094154198056,0.5532903341225406,-0.6864395638704491,1.0
0.504140438248665,0.1736783956894448,0.437956942244069,0.5368695262775607,0.24218420388039547,-0.3462383985030891,0.21744958552599988,0.09911872898359592,0.0
0.018113865229395003,0.04727375972052479,0.17576341477163207,-0.549591701945573,0.41368993381117747,-0.10839440583908219,-0.13452473248705665,-0.6808139617429293,0.0
0.5956225086165773,0.14840684579393051,-0.04677936518748456,0.2165626535961298,-0.5529136961310601,-0.34979908329287107,-0.13160918672485178,-0.35878630316475335,0.0
-0.07582604351053188,-0.5262587088837789,0.3959994290489133,-0.27706654802787134,-0.1967365123975982,-0.46755824027241016,-0.41030731167198364,0.2409412983236322,0.0
-0.4724726203948143,0.519943501868985,0.2739075656721625,0.14422602710128693,0.38245549599152917,0.44417732545936356,-0.10300146419067784,0.23754341060913386,0.0
-0.0976438836258702,0.32666686228661884,0.2587345238733984,0.41206563341962865,1.248310983342884,-0.6932774299554533,0.7402633814414586,1.0296159541603365,1.0
0.5315404278096674,0.06204263208778706,0.23190720028565662,0.028816489122101635,-0.4873582719057942,-0.5162112527673964,-0.3831964697594985,0.09040170741225105,0.0
0.3199737962359014,0.0452714103558476,-0.4565230678177547,0.6016330298589745,0.3469388537945987,0.1439968275990319,-0.4287113217218083,-0.017222167587131403,0.0
0.8470110448206812,0.6404732378802311,-0.21366890382350343,1.04780184415559,0.8040859273433669,0.9838997847364085,-0.2840041443243589,0.18317177043582267,1.0
-0.9704164520235548,-0.14694879751975637,0.9409985815248634,-0.24611654929676938,-0.47113438430169224,1.306452174589899,-0.3122113751949058,0.2537428598342326,1.0
0.49915738481648714,-0.536895766928063,0.6899076594198708,0.9009407194958207,0.7268282454985981,0.8630551991556469,0.07841612463621148,0.9463748824957873,1.0
-0.5387324931960983,-0.23666565195131545,-0.38605988766971633,-0.021053473262555744,0.07117471853574285,0.3695599442072442,-0.4574790539270392,0.3915912494606092,0.0
0.29389025844253464,-0.03969166146505583,0.4426182655656651,-0.3481533644873588,0.08530675693999608,0.4762968505345681,0.2569749499271594,0.5429174304511358,0.0
1.0659079684498596,1.0329202037695897,-0.16476955883413472,0.16325240931879975,-0.8914331827623411,-0.7267444932457573,0.010097321055050896,0.6482307190249277,1.0
0.045390359328964694,0.33898305152780245,-0.450894797235471,0.35274893743488145,0.45854642620288066,-0.4011417402411319,-0.4261854924613515,-0.04978634641937442,0.0
-0.13387470268654228,0.3791639887446794,-0.4514601188154477,0.2574560445791544,-0.41449026895288826,0.20883651756059443,-0.4451359115653744,-0.393257582202813,0.0
-0.38901709205955143,-0.7620251831875121,-1.177325638767848,0.10414737844418376,-0.9202423118332239,0.05669327568673146,-0.929609810518884,0.39598806336485415,1.0
-0.5298894063805214,-0.4806842117943492,0.199654252681496,0.026978934214014223,0.2140155952294561,-0.5184362636838754,0.2671144953016915,0.24827652713863319,0.0
-0.4742364134962701,0.13743225489534994,0.34503307254705967,-0.4238457423306168,-0.40492905205195046,0.36072974587473977,-0.0316369210809162,0.4030195819752342,0.0
-0.9693441693604903,-0.06564658601310698,-1.018461325867066,0.7033040851556995,-0.17464527722353446,0.7883790178330425,0.9207995115270344,-0.15571804501644534,1.0
0.5121630661031321,-0.5090770110805259,-0.0953265187051607,-0.4347420389415729,0.198868195393627,0.3888521833774771,0.2991110906540666,-0.014825002827025499,0.0
-0.5134850282135871,0.8779776693255148,0.2851925584506428,-0.14630707521068573,-0.8202515939984061,-0.94316283512863,-1.1322229744672354,-0.1358311723341335,1.0
0.04841146665908708,0.184459644432912,-0.5627703438266547,-0.029345283307405698,-0.5238622074501088,0.21166694885125378,0.10398372632924971,0.5621496588601831,0.0
0.07261511043710149,-0.9455991432828152,-0.32163893844133423,0.8709600821721564,0.2825354353721215,0.821646003587682,-1.1206792444806575,-0.4771748505922705,1.0
-0.4860879563074248,-0.28285905252486887,-0.2917978201640922,-0.037573675796967215,-0.46550827931389344,-0.4876047235963274,0.3767867677839288,-0.026961328081163274,0.0
-0.33769543167664695,0.5260394828581959,0.2932759595871561,0.028805777088015332,-0.27447192020535643,0.2576938073368785,0.4613921452888811,-0.40960963316104443,0.0
-0.06846543513709655,0.18266676717652497,0.11965419907628506,-0.19723963295705504,-0.12494257359153382,0.40220133236442374,0.7127739536209908,-0.4725478481415952,0.0
-0.6945353163628245,-0.9702712329364837,-0.41513956103252775,0.12504423361210684,-0.6821090897887944,-0.8752835174264062,-0.43631605170039356,-0.9830827890592576,1.0
-1.17230862015491,-0.6359105994605049,-1.050607636191905,-0.9307311739353573,0.1119670532912801,0.008417598624200709,-0.04555828044873977,0.4864054392558377,1.0
0.44638308928989684,0.03827365194460633,0.3105163101045171,0.3985473599546809,0.31136748215977333,0.2838858763826905,-0.46175142255365825,0.39148641382383687,0.0
-0.029730265073512983,-0.753212886507882,-0.7455632264796117,-0.43688849835023374,0.9051806054952362,0.3590297851418769,0.5861862124621358,1.1803312176686946,1.0
1.0331702415100932,0.1336706174852987,-0.851319412819333,0.7424845824664814,-0.42096184843310325,0.9980259462889826,-0.6801322257476008,0.05309245175141465,1.0
0.5243062535181424,0.13703257361026547,-0.5146345248737358,0.4106067634522322,-0.2723941818700569,-0.0018403174578293748,0.40888964469011035,0.17744210122452708,0.0
-0.5406876674399091,-0.23895399792902322,0.338776607855605,1.012493394728183,-0.6149454227847317,0.6011386067692612,-0.673280532834591,-1.1479604502365768,1.0
0.6909082753294471,0.6068777715756017,0.9737109311115218,-0.6133482929317292,0.5225177570393799,0.9356687731512062,0.09287703645901123,-0.8203103170552176,1.0
0.5416340764118964,-0.5044137427677975,0.04940695894999508,0.1431885521696555,0.24120190999161045,-0.20414099168126537,0.2616816014225682,-0.5108092872295826,0.0
-0.39962672478509975,-0.11864164119099732,-0.0009664742076620724,0.5570108462862949,-0.0013141360452616614,-0.4560018135770205,-0.22038290545575306,-0.5093649172291665,0.0
-0.975647286438462,0.8054425114458005,-0.7846765852674308,0.6053622701363763,0.12476009094865294,-0.6366831708106717,0.9385585945439084,0.33966326850314704,1.0
0.01237974783502038,-0.362751095053076,0.2983570062659364,-1.097290321119621,-1.0994534699846872,-0.656303526120137,0.39338744129572045,0.8836908412121708,1.0
0.38009318746087334,0.343851679448655,0.4902201894004297,0.03414658013871918,0.36083929671849707,0.1838852542670945,-0.3813818053126282,0.4316740693376388,0.0
-0.7568234675187565,-0.20482465727573093,0.8904355606750157,0.0549515669264718,1.0827106087035416,-0.1548668119553991,1.1783297783251527,-0.06828527096112898,1.0
-0.5371747697384771,1.4140543688877718,-0.27845061037965174,-0.1370582831844178,-0.7645023036174973,-0.06762097740765569,-0.546839016207498,0.8529387520254597,1.0
-0.8915661304518151,-0.22390878181333876,-0.9663930304157491,0.5389149312196417,-0.5512832604822576,-0.778926845629474,0.27093540387515547,-0.9729253018229158,1.0
0.4255076520140487,-0.15547124515639799,-0.1794469949845219,0.456906713137181,0.29168533508932243,0.31426610514215453,-0.4307091901377786,-0.4294799593365007,0.0
1.1508584723173039,0.5512544505293806,-1.0731724604866169,-0.8092958548509761,0.4233509206125671,-0.22702655653696913,0.13046237042635306,0.5632023680590809,1.0
0.36100073936947585,0.3552341013818845,0.5345622750018603,-1.0605762673011265,1.1167762824149192,-0.7097839925313691,0.550483601550703,0.5281037570194429,1.0
0.29330168448446986,0.25255202516203923,0.7453586649266245,-0.8273987701332258,-0.9106369850478471,-1.0057415674346926,-0.6352658142341553,0.6047353623927915,1.0
0.36637652679713734,-0.4736268993279877,0.5912476727025926,-0.2980147832177371,-0.006840870763099161,0.1692017695039684,-0.3938769932036154,-0.13872295145823318,0.0
0.5148762100572273,-0.33871495895581527,-0.3077006011549982,-0.2403624567620132,0.20286047281018765,0.4004397679619946,0.25797384679143515,-0.4468400267458684,0.0
-0.23376000969031904,0.07784086980514815,1.0417557891874984,-1.105518275315814,0.33783538964917836,-0.8501453369504222,-0.5215808494279253,-0.7231492574612284,1.0
-0.313985807676453,0.6226735429640566,0.5261997091359247,0.6102261048862465,-0.5518028757070915,-0.9739114494123132,-0.9640543561509363,-0.8258558057811167,1.0
0.608706038334686,0.38126128332916126,-0.9010371378645253,-1.0122107279405312,-0.10303902289737503,-0.5917241187758994,1.1343284864786989,0.014923905061352839,1.0
-0.10305689634363971,0.03445113141443299,-0.03265520435831764,-0.09770658396009213,0.7605400856659504,-0.5762777668361838,0.15178551737664037,-0.2098173658200944,0.0
-0.45431715519459887,0.5101887254401523,0.47735219647096994,0.3197621428092017,0.17173891695436097,-0.21340445926934762,-0.12857217355270603,0.33410165643899686,0.0
-0.19879417606470925,-0.3513418820804905,0.14530229243264137,0.1565484711125697,-0.41877866697019883,-0.5021080984626705,-0.484494161098048,0.35943966235766406,0.0
-0.02551554707162582,-0.1942817943454598,0.5532356897666353,-0.17322528662317838,-0.29282742200394374,-0.1728608459342679,0.2795803352674203,-0.657063830904934,0.0
0.26954105360812464,0.5435166377780418,-0.5035441580345953,0.4628077354368879,-0.15473777210542833,0.26854983509393443,0.014191682902904212,-0.2606249602369996,0.0
0.04330993533245021,-0.34508473854565447,0.5387932423321292,-0.5607729163305115,0.4007287365975431,0.09899843772074322,0.2373135938752434,-0.2181155615896905,0.0
-0.41544629637565444,0.11517115011656014,0.5670258572085359,0.2224422972399411,-0.2471871326863548,0.4216839831104877,-0.38910615526160613,-0.22982302413819716,0.0
-0.21399471441759801,-0.40604273390389556,0.49589695198609396,0.4058133685124631,0.3818954991726465,-0.3794846964837673,0.2544106205604722,0.15543394862443677,0.0
-0.07202886008595408,-0.15247433687425282,-0.39190913058204907,-0.9881152027268829,-0.3072757962556925,1.0166459817493647,-0.630554006698169,1.1471761751714926,1.0
-0.5882924859339242,-0.3860746593144498,0.4983914684625938,-0.14424969331336696,0.3549895241555856,-0.04252008032190621,0.3282861650514315,0.007678080270974692,0.0
-0.5214381156913814,0.9529549083441473,-0.07591326290429172,-0.39760710485947437,-0.7057223831963155,-1.2385031844397922,-0.3156823013836128,0.7242482070594749,1.0
-0.0732990019894654,-0.38434561819399854,0.1415126768930275,0.35605166197042737,0.11584431677990528,-0.4795833662794438,-0.4761051966860278,0.4795944214808176,0.0
-0.29815297055872514,-0.036468110159775,0.6594269226017946,-0.06073112149619425,0.021403828708765203,0.5950144509563273,0.1282827601290063,-0.3166795863985453,0.0
0.14229813455774717,-0.5219384903487017,0.33211613846024857,0.3999128306166309,0.28844761680603576,0.47258377068623203,0.13758793768532346,0.334113997196692,0.0
0.456408276446314,0.4166084856324204,-0.4449930898044276,0.090484067315433,0.42542049443928276,0.3948450658613228,0.1470527312612417,-0.2311123310932241,0.0
0.3976730377450364,0.012974179080326236,0.5285990531823497,-0.1305703827460306,0.07984833351723898,0.5373347974542853,0.4900742891312581,0.09972458104138161,0.0
-0.2937672999604239,0.371845106242311,-0.3031611974042958,1.3879828197925907,-1.0138774180358991,0.47508609259721446,-0.6740362937981901,-0.22147196492327959,1.0
0.9019664276505177,-0.6206567975194496,0.10650676332979693,0.6041087699142622,0.8278998094962243,-0.7917360143748995,-1.0190771174509714,0.2723388041165557,1.0
0.2429995502693194,-0.5091736885610324,0.30134885166532127,0.07576049213255368,0.31580514400101445,0.42783426644644534,-0.30381841003513,-0.4583251204967307,0.0
0.040269459533257036,0.9368128661072705,0.2063379602204616,-1.0704442791950182,0.9422402001975044,-0.45165003083978766,-0.3419397412414578,-0.8506506826949644,1.0
-0.4417499444005197,0.16653144703101083,-0.22613061514431393,-0.43314605522695154,-0.30892158580358337,0.15488052488357312,-0.0381193916350461,0.6461424706095726,0.0
0.7266235399013989,0.7233242016791153,0.821393288504151,0.2742690112929403,0.9744398410658003,-0.9752829642429438,0.5109074368492494,0.19280464814014356,1.0
-0.17934195298653083,0.3428110941343822,-0.598039276542744,-0.33709362702330853,0.3703080666192434,-0.13301419991644176,0.2248126744490638,0.4167401442076737,0.0
0.2735266633556893,0.5361368691612758,0.034722030791651,-0.5377297706955348,-0.1608454628828522,-0.039554675187300194,0.4506456385234039,0.34185401777007285,0.0
0.5859674729855643,-0.01995191228041887,0.22466370443646153,-0.19401431977723277,-0.4091659963288943,-0.48594652373105607,0.37088507722282754,-0.16435366879030416,0.0
0.4801491605287423,0.0029660571065363594,0.38183913731166524,-0.217545001481528,0.3881565114091878,0.29046541836560374,0.5840949988990443,-0.010882432712369135,0.0
0.39371016628302336,0.31598255749120874,-0.11654048258901334,-0.13984158767953497,0.045803938977839,0.531675175808181,-0.5064193810321665,-0.4132467685516095,0.0
0.8785599374958046,-0.3101379938008453,0.8165610932334844,0.40555993147849295,0.8752055626357677,0.8432721697356387,0.5211193452203687,0.7429925187664428,1.0
-0.2721899994675979,0.4801630573972945,0.10975811100979159,0.16361644201341713,-0.3864926424719217,0.3666935228218138,-0.5778394797823676,-0.19697637602409573,0.0
-0.07849337891448258,0.7548169281420836,-0.21547408997577153,0.457643653755338,-0.7630108954085061,0.5011125729831813,0.8401681500133787,-1.2763390770373266,1.0
0.7729217419523229,-0.7458882501787172,0.06674405817869494,0.6920703770751724,-0.8495848361633117,-0.029311626508317576,1.0555490603612014,-0.7252510867409753,1.0
0.09304298562874774,0.7585025103460252,-0.7265909556389207,-0.8888119671600146,1.072589051713606,-0.4942195738713152,-0.39528376873036947,-0.7396933796958105,1.0
0.008594498983799496,0.5085348787112519,-0.030428276208303677,0.0398659729676172,0.24873758142980645,0.5419360778688241,0.6188176131892841,0.017404040421979412,0.0
0.7978234143434999,0.9875072341272733,-0.8407734415054822,-0.8441527998890376,0.16289003201573596,0.6138969129776929,0.47928793915490875,0.579390905742506,1.0
0.43937751331841707,0.14502198833285548,0.5920491625408942,-0.3138390989224131,0.07271066217601584,-0.47251602990359914,0.1592068656464114,-0.288086389531708,0.0
-0.6756549395043742,0.689682037381515,-0.7362949706149273,0.12022035638705512,-1.020696941054821,-0.45065517172137215,-0.28888367144780264,1.0876027617135338,1.0
-1.0637639286377454,-0.02374038835620644,-0.6218602707448934,0.7377703560150404,-1.0951818662535728,-0.25263280548206457,0.2522806620533953,0.78098349311744,1.0
-0.03194343162770353,0.16669943638106477,0.2620212567800381,-0.12017977757757468,0.5736433828519739,-0.18318648042721986,0.4481353732927036,0.5697747511477991,0.0
-0.32822085458527706,0.08512555445271842,-0.5916727894597286,0.07968774467111751,-0.2247261039589091,0.07439564605143188,-0.6490123809860168,0.2265927614278603,0.0
-0.5044845763002545,0.16640124163821302,-0.033192760049462366,-0.09268277170651408,0.3541759950249628,0.47545274427169276,-0.11390435632241204,0.5862115093452889,0.0
0.5486771068729919,-0.6020794271157164,0.4835288162040216,-0.2190620606435309,-0.05448948632952485,-0.0835016049649945,-0.21023970308461826,0.022872219375207715,0.0
0.2135769632359736,-0.070334011903737,-0.913470748336729,0.7912733893114092,-0.7692012215747666,0.09714658047052724,0.9071769773026352,-1.0318999841690184,1.0
0.022215569822859122,-0.5028751718148103,0.07829683815153549,0.34822600154050404,0.37909823904725365,0.4892685209418825,-0.21948917079828761,0.43353965272527273,0.0
-0.11068077270869577,-0.5180933672860301,0.5299254843490527,-0.08979290933125823,0.3118536621218288,0.3333416640314222,0.41608765890811594,-0.22123953612410494,0.0
-0.20236233843845886,-0.4136737696484567,-0.40410336968934796,0.15642736119583367,0.05297952077675843,0.4364561516397151,0.33279427652735477,-0.5441521948373691,0.0
0.5747219443301483,1.0096457335829716,-0.3842779677669771,0.1812751537287726,1.0127546704989445,-1.0591836907422663,0.004471270965570351,0.5676423485582164,1.0
0.7314725398495542,0.4593077455722643,0.3916887630210158,0.2865185959080241,-1.2691296042260154,-0.09944433698604173,-1.1599683057149812,0.2288355887543869,1.0
-0.548612131449758,-0.1287001547117046,1.551981873246902,-0.7110961689659894,0.7335994769113449,0.05905024943040061,0.23133488251978263,0.4159141145061499,1.0
-0.13663621515774535,-0.7154100005750459,0.8912370269794999,1.1005519468650358,-0.08951265841036922,0.3126762061201254,-0.6020944207683211,-0.9978499047287592,1.0
1.047217898035552,0.19709483205086592,0.3193795375467309,0.07341149032838973,0.7746826920230401,0.23753814786113644,1.1628817898159707,0.86501101912177,1.0
0.18635247674847177,-0.5248439172980072,0.7038679721706647,0.1512577978339912,-0.23289560439113,-0.3049308641915745,0.15466601727203827,-0.01891565097046481,0.0
-0.8235217154928758,-0.7530082297849707,-0.2605425040894264,0.7662386398088549,0.923309481964027,-0.5194392508295568,-0.8824929072656744,-0.4457300463881589,1.0
-0.08295919696571658,0.5048727377612604,-0.4287639991199415,-0.29322655428065664,-0.24546571808351697,0.07172507512236947,-0.4955363271366464,-0.3967956080401813,0.0
-0.6598530924925557,-0.03444808962647527,1.075348385798473,0.7530729603615562,-0.11406248790625378,-0.39377241530955753,0.7253029562298631,-1.070412465575832,1.0
0.3983264570660935,-0.49999252975218067,0.07073826088642289,-0.2241650441894689,0.1591940682209287,0.0683601314054717,0.7039598577654806,0.10253923607959645,0.0
-0.6672963002462614,-0.42453480384000597,-0.5201312065641426,-0.09534778000373094,-1.5985824654124132,0.24169055803001224,-0.65551617343786,0.22644314652725708,1.0
-0.8191670685798185,-0.8259627520623549,-0.48469590710397226,-1.029253030234396,-0.01671339435222803,-0.7931919854580671,0.04277195406644217,0.8492329597640171,1.0
-0.8325228886963534,0.18463869106153086,0.9047399480207817,-1.0567065938699218,-0.6812740990317437,0.26263020592370345,-0.8768701786970109,-0.188734366567874,1.0
-0.9515105367677126,-1.0204622382019781,0.0756385115551693,0.6245633465165994,0.6113562682530562,0.7038679313465708,-0.7092682568873435,-0.5340748532210804,1.0
-0.4921551966079615,0.7442091227121733,-0.16902853184102307,-0.19654188192159763,-0.5560313974523625,-0.4716278393859205,1.5819107121352811,-0.3204550720352695,1.0
0.4921997288004845,0.1899924650775787,-1.1084049538848053,0.20080903890374716,-0.40527659141492584,-0.920970039048934,0.4068896684598006,-1.1290537399108282,1.0
-0.3303332081624963,0.8512383864114076,0.35221713224025314,-0.7236093050776576,-0.0684664571249972,0.8944716041586626,-0.9268665428576961,-0.9245307738414443,1.0
-0.4326601562494708,0.5530745724640507,-0.11587568742665394,0.6938540809583873,0.7823516860153049,-0.21661597694397866,-0.9293292893950688,-1.2204111912313635,1.0
1.3549696130022446,0.5836644555059788,-0.2844831820003123,-0.98664169737006,-0.040094783300033375,0.24374290624928627,0.44262108057329375,-0.7155899764715589,1.0
0.5975273511857327,-0.04707268226811771,0.6775094316984416,0.14296574510098606,-0.14257918595164146,0.27371718644750387,-0.02985644148923536,0.25523648511654984,0.0
0.7599209754878419,-0.8840974532282978,0.719369660856287,1.0369775035144695,0.6493785234988503,-0.6841879653863948,-7.988925210429708e-05,0.3978330143538119,1.0
0.8961839881288883,-0.6547669998314976,0.684365134832869,-0.6607676397575307,-0.19211227732351038,-0.6466182856289071,0.7850406462729623,0.8898616595397001,1.0
1.0152460026297325,-0.5711232764239951,1.1345649950634826,1.0371551669492032,0.4930169228303639,0.15897434966159193,-0.0023162807693800093,0.10872577299881613,1.0
-0.1831415398930459,0.35753531743990735,-0.35005296217010606,-0.5587814216388308,0.08716719491128971,0.2188189402894734,-0.36582678924932754,0.4631898438279788,0.0
0.26073764292583457,-0.29449506005104287,0.385070973300773,-0.15720346866117826,-0.10759241034318005,0.737351970708375,0.29013622306270154,-0.1812536143778454,0.0
0.4963786901198681,1.0552852045580177,0.5443586975642383,-0.33214923667847357,-0.00947436711140419,-1.0502905472575632,0.2920828227600101,1.0221641029471202,1.0
0.3910736608603422,-0.3176445515861304,0.341593364192421,0.29179497872924115,0.2764605750412435,0.2830261498832198,-0.36273758174180815,-0.5061819734831471,0.0
-0.3832167130908262,-0.24338029708812411,0.23986321274949915,0.42626847087839687,-0.5103197807758038,0.4005361687324146,-0.27742956758133464,0.23843058868226116,0.0
-0.605804302645174,-0.6947738343038555,-0.8663316970505939,-0.6684680877449222,0.785774617351374,0.8077347142894523,-0.40169655179031394,0.722269364401681,1.0
